mae,rmse,r2
496.7470191758795,713.7533676610501,0.9314234053120738
